{"cameraMode":{"drawMode":0,"name":"Shaded","section":"Shading Mode"},"sceneLighting":true,"audioPlay":false,"sceneViewState":{"showFog":true,"showMaterialUpdate":false,"showSkybox":true,"showFlares":true,"showImageEffects":true,"showParticleSystems":true},"in2DMode":false,"pivot":{"x":3.571624517440796,"y":-4.908447265625,"z":37.95044708251953},"rotation":{"x":0.003789648413658142,"y":0.8740341663360596,"z":-0.4858156144618988,"w":0.006818508263677359},"size":38.43886947631836,"orthographic":false}