{"cameraMode":{"drawMode":0,"name":"Shaded","section":"Shading Mode"},"sceneLighting":true,"audioPlay":false,"sceneViewState":{"showFog":true,"showMaterialUpdate":false,"showSkybox":true,"showFlares":true,"showImageEffects":true,"showParticleSystems":true},"in2DMode":false,"pivot":{"x":30.849899291992189,"y":21.195911407470704,"z":-4.844579696655273},"rotation":{"x":-0.08266864717006684,"y":0.8763214349746704,"z":-0.16246210038661958,"w":-0.44591283798217776},"size":20.332387924194337,"orthographic":false}