{"cameraMode":{"drawMode":0,"name":"Shaded","section":"Shading Mode"},"sceneLighting":true,"audioPlay":false,"sceneViewState":{"showFog":true,"showMaterialUpdate":false,"showSkybox":true,"showFlares":true,"showImageEffects":true,"showParticleSystems":true},"in2DMode":false,"pivot":{"x":365.434326171875,"y":-178.2101593017578,"z":118.24847412109375},"rotation":{"x":0.0614495724439621,"y":0.01946190372109413,"z":-0.001198418322019279,"w":0.9979204535484314},"size":832.3017578125,"orthographic":false}