{"cameraMode":{"drawMode":0,"name":"Shaded","section":"Shading Mode"},"sceneLighting":false,"audioPlay":false,"sceneViewState":{"showFog":true,"showMaterialUpdate":false,"showSkybox":false,"showFlares":true,"showImageEffects":true,"showParticleSystems":true},"in2DMode":false,"pivot":{"x":-9.291208267211914,"y":0.8281158208847046,"z":-4.576905250549316},"rotation":{"x":0.014625036157667637,"y":0.6016097664833069,"z":-0.011015832424163819,"w":0.7986090183258057},"size":1.6359683275222779,"orthographic":false}