{"cameraMode":{"drawMode":0,"name":"Shaded","section":"Shading Mode"},"sceneLighting":false,"audioPlay":false,"sceneViewState":{"showFog":true,"showMaterialUpdate":false,"showSkybox":true,"showFlares":true,"showImageEffects":true,"showParticleSystems":true},"in2DMode":false,"pivot":{"x":0.29582980275154116,"y":13.881402015686036,"z":9.478486061096192},"rotation":{"x":-0.00015420117415487766,"y":-0.8513364791870117,"z":0.5246685743331909,"w":-0.00021569720411207527},"size":0.523795485496521,"orthographic":false}